ORG,BESKRIVELSE,NAVN,ROLLE,UDD,Koen,Foedselsdato,PARTI
Statskundskab Áarhus 90,,Anders Samuelsen,,Statskundskab,Mand,01-08-1967,Liberal Alliance
Statskundskab Áarhus 91,,Anders Samuelsen,,Statskundskab,Mand,01-08-1967,Liberal Alliance
Statskundskab Áarhus 92,,Anders Samuelsen,,Statskundskab,Mand,01-08-1967,Liberal Alliance
Statskundskab Áarhus 93,,Anders Samuelsen,,Statskundskab,Mand,01-08-1967,Liberal Alliance
Statskundskab Aarhus 87,,Anders Samuelsen,,Statskundskab,Mand,01-08-1967,Liberal Alliance
Statskundskab Aarhus 88,,Anders Samuelsen,,Statskundskab,Mand,01-08-1967,Liberal Alliance
Statskundskab Aarhus 89,,Anders Samuelsen,,Statskundskab,Mand,01-08-1967,Liberal Alliance
Statskundskab Áarhus 07,,Andreas Frost Steenberg ,,Statskundskab,Mand,22-07-83,Radikale Venstre
Statskundskab Áarhus 08,,Andreas Frost Steenberg ,,Statskundskab,Mand,22-07-83,Radikale Venstre
Statskundskab Áarhus 09,,Andreas Frost Steenberg ,,Statskundskab,Mand,22-07-83,Radikale Venstre
Statskundskab Áarhus 10,,Andreas Frost Steenberg ,,Statskundskab,Mand,22-07-83,Radikale Venstre
Statskundskab Áarhus 11,,Andreas Frost Steenberg ,,Statskundskab,Mand,22-07-83,Radikale Venstre
Statskundskab Aarhus 04,,Andreas Frost Steenberg ,,Statskundskab,Mand,22-07-83,Radikale Venstre
Statskundskab Aarhus 05,,Andreas Frost Steenberg ,,Statskundskab,Mand,22-07-83,Radikale Venstre
Statskundskab Aarhus 06,,Andreas Frost Steenberg ,,Statskundskab,Mand,22-07-83,Radikale Venstre
K04,,"Ane Halsboe-Jrgensen, ",,Statskundskab,Kvinde,,Socialdemokratiet
K05,,"Ane Halsboe-Jrgensen, ",,Statskundskab,Kvinde,,Socialdemokratiet
K06,,"Ane Halsboe-Jrgensen, ",,Statskundskab,Kvinde,,Socialdemokratiet
K07,,"Ane Halsboe-Jrgensen, ",,Statskundskab,Kvinde,,Socialdemokratiet
K08,,"Ane Halsboe-Jrgensen, ",,Statskundskab,Kvinde,,Socialdemokratiet
K09,,"Ane Halsboe-Jrgensen, ",,Statskundskab,Kvinde,,Socialdemokratiet
K06,,Anne Fuglsang-Damgaard Sina ,,Statskundskab,Kvinde,,Socialdemokratiet
K07,,Anne Fuglsang-Damgaard Sina ,,Statskundskab,Kvinde,,Socialdemokratiet
K08,,Anne Fuglsang-Damgaard Sina ,,Statskundskab,Kvinde,,Socialdemokratiet
K09,,Anne Fuglsang-Damgaard Sina ,,Statskundskab,Kvinde,,Socialdemokratiet
K10,,Anne Fuglsang-Damgaard Sina ,,Statskundskab,Kvinde,,Socialdemokratiet
K11,,Anne Fuglsang-Damgaard Sina ,,Statskundskab,Kvinde,,Socialdemokratiet
Cand.jur. KU 71,,Anne-Margrethe Baastrup ,,Jura,Kvinde,07-04-52,Socialistisk Folkeparti
Cand.jur. KU 72,,Anne-Margrethe Baastrup ,,Jura,Kvinde,07-04-52,Socialistisk Folkeparti
Cand.jur. KU 73,,Anne-Margrethe Baastrup ,,Jura,Kvinde,07-04-52,Socialistisk Folkeparti
Cand.jur. KU 74,,Anne-Margrethe Baastrup ,,Jura,Kvinde,07-04-52,Socialistisk Folkeparti
Cand.jur. KU 75,,Anne-Margrethe Baastrup ,,Jura,Kvinde,07-04-52,Socialistisk Folkeparti
Cand.jur. KU 76,,Anne-Margrethe Baastrup ,,Jura,Kvinde,07-04-52,Socialistisk Folkeparti
Haslev Seminarium 88,,Anne-Mette Marie Winther Christiansen,,Læreruddannelsen,Kvinde,22-01-66,Venstre
Haslev Seminarium 89,,Anne-Mette Marie Winther Christiansen,,Læreruddannelsen,Kvinde,22-01-66,Venstre
Haslev Seminarium 90,,Anne-Mette Marie Winther Christiansen,,Læreruddannelsen,Kvinde,22-01-66,Venstre
Haslev Seminarium 91,,Anne-Mette Marie Winther Christiansen,,Læreruddannelsen,Kvinde,22-01-66,Venstre
Haslev Seminarium 92,,Anne-Mette Marie Winther Christiansen,,Læreruddannelsen,Kvinde,22-01-66,Venstre
Nørre Nissum Seminarium ,,Annette Harbo Lind ,,Læreruddannelsen,Kvinde,02-06-69,Socialdemokratiet
Den frie Lærerskole ,,Annette Lilja Vilhelmsen ,,Læreruddannelsen,Kvinde,24-10-59,Socialistisk Folkeparti
K03,,Astrid Krag Kristensen ,,Statskundskab,Kvinde,17-11-82,Socialdemokratiet
K04,,Astrid Krag Kristensen ,,Statskundskab,Kvinde,17-11-82,Socialdemokratiet
K05,,Astrid Krag Kristensen ,,Statskundskab,Kvinde,17-11-82,Socialdemokratiet
K06,,Astrid Krag Kristensen ,,Statskundskab,Kvinde,17-11-82,Socialdemokratiet
K07,,Astrid Krag Kristensen ,,Statskundskab,Kvinde,17-11-82,Socialdemokratiet
Handelsskole Aabenraa,,Benny Engelbrecht,Skatteminister,Erhvervsøkonomi,Mand,,Socialdemokratiet
Aalborg Teknisk skole,,Bent Gunnar Bøgsted,,Teknisk uddannelse,Mand,04-01-1956,Dansk Folkeparti
Cand.jur. KU 66,,Birthe Johanne Sparrevohn Rønn Hornbech,,Jura,Kvinde,18-10-43,Venstre
Cand.jur. KU 67,,Birthe Johanne Sparrevohn Rønn Hornbech,,Jura,Kvinde,18-10-43,Venstre
Cand.jur. KU 68,,Birthe Johanne Sparrevohn Rønn Hornbech,,Jura,Kvinde,18-10-43,Venstre
Cand.jur. KU 69,,Birthe Johanne Sparrevohn Rønn Hornbech,,Jura,Kvinde,18-10-43,Venstre
Cand.jur. KU 70,,Birthe Johanne Sparrevohn Rønn Hornbech,,Jura,Kvinde,18-10-43,Venstre
Cand.jur. KU 71,,Birthe Johanne Sparrevohn Rønn Hornbech,,Jura,Kvinde,18-10-43,Venstre
Statskundskab Áarhus 92,,Bjarne Fog Corydon ,Finansminister ,Statskundskab,Mand,01-03-73,Socialdemokratiet
Statskundskab Áarhus 93,,Bjarne Fog Corydon ,Finansminister ,Statskundskab,Mand,01-03-73,Socialdemokratiet
Statskundskab Áarhus 94,,Bjarne Fog Corydon ,Finansminister ,Statskundskab,Mand,01-03-73,Socialdemokratiet
Statskundskab Áarhus 95,,Bjarne Fog Corydon ,Finansminister ,Statskundskab,Mand,01-03-73,Socialdemokratiet
Statskundskab Áarhus 96,,Bjarne Fog Corydon ,Finansminister ,Statskundskab,Mand,01-03-73,Socialdemokratiet
Statskundskab Aarhus 00,,Bjarne Fog Corydon ,Finansminister ,Statskundskab,Mand,01-03-73,Socialdemokratiet
Statskundskab Aarhus 97,,Bjarne Fog Corydon ,Finansminister ,Statskundskab,Mand,01-03-73,Socialdemokratiet
Statskundskab Aarhus 98,,Bjarne Fog Corydon ,Finansminister ,Statskundskab,Mand,01-03-73,Socialdemokratiet
Statskundskab Aarhus 99,,Bjarne Fog Corydon ,Finansminister ,Statskundskab,Mand,01-03-73,Socialdemokratiet
"Maskinearbejder. Norden, FLS",,Bjarne Laustsen ,,Teknisk uddannelse,Mand,09-12-53,Socialdemokratiet
K86,,Brian Arthur Mikkelsen,,Statskundskab,Mand,,Det Konservative Folkeparti
K87,,Brian Arthur Mikkelsen,,Statskundskab,Mand,,Det Konservative Folkeparti
K88,,Brian Arthur Mikkelsen,,Statskundskab,Mand,,Det Konservative Folkeparti
K89,,Brian Arthur Mikkelsen,,Statskundskab,Mand,,Det Konservative Folkeparti
K90,,Brian Arthur Mikkelsen,,Statskundskab,Mand,,Det Konservative Folkeparti
K91,,Brian Arthur Mikkelsen,,Statskundskab,Mand,,Det Konservative Folkeparti
K92,,Brian Arthur Mikkelsen,,Statskundskab,Mand,,Det Konservative Folkeparti
K93,,Brian Arthur Mikkelsen,,Statskundskab,Mand,,Det Konservative Folkeparti
K94,,Brian Arthur Mikkelsen,,Statskundskab,Mand,,Det Konservative Folkeparti
K92,,Camilla Hersom ,,Statskundskab,Kvinde,,Radikale Venstre
K93,,Camilla Hersom ,,Statskundskab,Kvinde,,Radikale Venstre
K94,,Camilla Hersom ,,Statskundskab,Kvinde,,Radikale Venstre
K95,,Camilla Hersom ,,Statskundskab,Kvinde,,Radikale Venstre
K96,,Camilla Hersom ,,Statskundskab,Kvinde,,Radikale Venstre
K97,,Camilla Hersom ,,Statskundskab,Kvinde,,Radikale Venstre
K98,,Camilla Hersom ,,Statskundskab,Kvinde,,Radikale Venstre
K99,,Camilla Hersom ,,Statskundskab,Kvinde,,Radikale Venstre
VVS montør,,Carsten Mogens Hansen ,"Minister for by, bolig og landdistrikter og minister for nordisk samarbejde ",Teknisk uddannelse,Mand,10-01-57,Socialdemokratiet
K04,,Charlotte Baunbæk Dyremose,,Statskundskab,Kvinde,,Det Konservative Folkeparti
Læreruddannelsen i Silkeborg,,Christian Juhl ,,Læreruddannelsen,Mand,24-02-53,Enhedslisten
Statskundskab Aarhus 85,,Christine Edda Antorini ,Undervisningsminister  ,Statskundskab,Kvinde,23-05-65,Socialdemokratiet
Statskundskab Aarhus 86,,Christine Edda Antorini ,Undervisningsminister  ,Statskundskab,Kvinde,23-05-65,Socialdemokratiet
Statskundskab Aarhus 87,,Christine Edda Antorini ,Undervisningsminister  ,Statskundskab,Kvinde,23-05-65,Socialdemokratiet
Cand.jur. UKENDT,,Claus Hjort Frederiksen,,Jura,Mand,04-09-47,Venstre
Tømrer. Jens skovs Byggeforetning,,Claus Jacob Vejs Lund,,Teknisk uddannelse,Mand,15-03-65,Socialdemokratiet
Ilinniarfissuaq,,Doris Jakobsen,,Læreruddannelsen,Kvinde,30-10-1978,Siumut
Økonomikonsulent og revisoruddannelsen,,Erling Bonnesen,,Økonomi,Mand,28-03-55,Venstre
Soc KU 13,,Esben Lunde Larsen,,Socialvidenskab/Samfundsfag,Mand,14-11-78,Venstre
Soc KU 14,,Esben Lunde Larsen,,Socialvidenskab/Samfundsfag,Mand,14-11-78,Venstre
Økonomi København 10,,Eva Kjer Hansen,,Økonomi,Kvinde,22-08-64,Venstre
Økonomi København 11,,Eva Kjer Hansen,,Økonomi,Kvinde,22-08-64,Venstre
Økonomi København 12,,Eva Kjer Hansen,,Økonomi,Kvinde,22-08-64,Venstre
Økonomi København 87,,Eva Kjer Hansen,,Økonomi,Kvinde,22-08-64,Venstre
Økonomi København 88,,Eva Kjer Hansen,,Økonomi,Kvinde,22-08-64,Venstre
Økonomi København 89,,Eva Kjer Hansen,,Økonomi,Kvinde,22-08-64,Venstre
Cand.jur. KU 73,,Flemming Damgaard Larsen,,Jura,Mand,10-03-51,Venstre
Cand.jur. KU 74,,Flemming Damgaard Larsen,,Jura,Mand,10-03-51,Venstre
Cand.jur. KU 75,,Flemming Damgaard Larsen,,Jura,Mand,10-03-51,Venstre
Cand.jur. KU 76,,Flemming Damgaard Larsen,,Jura,Mand,10-03-51,Venstre
Cand.jur. KU 77,,Flemming Damgaard Larsen,,Jura,Mand,10-03-51,Venstre
Cand.jur. KU 78,,Flemming Damgaard Larsen,,Jura,Mand,10-03-51,Venstre
Cand.jur. KU 79,,Flemming Damgaard Larsen,,Jura,Mand,10-03-51,Venstre
Cand.jur. KU 80,,Flemming Damgaard Larsen,,Jura,Mand,10-03-51,Venstre
Cand.jur. KU 81,,Flemming Damgaard Larsen,,Jura,Mand,10-03-51,Venstre
Soc RUC 72,,Flemming Damgaard Larsen,,Jura,Mand,10-03-51,Venstre
Soc RUC 73,,Flemming Damgaard Larsen,,Jura,Mand,10-03-51,Venstre
Salgsuddannelsen Astra Zeneca,,Flemming Møller Mortensen ,,Erhvervsøkonomi,Mand,03-07-63,Socialdemokratiet
Økonomi Aalborg Universitet,,Frank Aaen ,,Økonomi,Mand,25-07-51,Enhedslisten
Haderslev Seminarium,,Hans Christian Schmidt,,Læreruddannelsen,Mand,25-08-53,Venstre
Lærerseminarium i Haderselev 77,,Hans Christian Schmidt,,Læreruddannelsen,Mand,25-08-53,Venstre
Udlært Møbelsnedler,,Hans Christian Thoning,,Teknisk uddannelse,Mand,20-02-52,Venstre
CBS/Handelshøjskolen i  København merc 00,,Hans Nicolai Andersen ,,Erhvervsøkonomi,Mand,01-11-74,Venstre
CBS/Handelshøjskolen i  København merc 97,,Hans Nicolai Andersen ,,Erhvervsøkonomi,Mand,01-11-74,Venstre
CBS/Handelshøjskolen i  København merc 97,,Hans Nicolai Andersen ,,Erhvervsøkonomi,Mand,01-11-74,Venstre
CBS/Handelshøjskolen i  København merc 98,,Hans Nicolai Andersen ,,Erhvervsøkonomi,Mand,01-11-74,Venstre
CBS/Handelshøjskolen i  København merc 99,,Hans Nicolai Andersen ,,Erhvervsøkonomi,Mand,01-11-74,Venstre
K82,,Helge Vagn Jacobsen,,Statskundskab,Mand,,Radikale Venstre
K83,,Helge Vagn Jacobsen,,Statskundskab,Mand,,Radikale Venstre
K84,,Helge Vagn Jacobsen,,Statskundskab,Mand,,Radikale Venstre
K85,,Helge Vagn Jacobsen,,Statskundskab,Mand,,Radikale Venstre
K86,,Helge Vagn Jacobsen,,Statskundskab,Mand,,Radikale Venstre
K87,,Helge Vagn Jacobsen,,Statskundskab,Mand,,Radikale Venstre
K88,,Helge Vagn Jacobsen,,Statskundskab,Mand,,Radikale Venstre
K91,,Helge Vagn Jacobsen,,Statskundskab,Mand,,Radikale Venstre
Teknisk tegner. Hillerød Teknisk Skole,,Helle Nøhrmann Løvgreen Mølvig ,,Teknisk uddannelse,Kvinde,29-11-63,Radikale Venstre
K87,,Helle Thorning-Schmidt ,,Statskundskab,Kvinde,,Socialdemokratiet
K88,,Helle Thorning-Schmidt ,,Statskundskab,Kvinde,,Socialdemokratiet
K89,,Helle Thorning-Schmidt ,,Statskundskab,Kvinde,,Socialdemokratiet
K90,,Helle Thorning-Schmidt ,,Statskundskab,Kvinde,,Socialdemokratiet
K91,,Helle Thorning-Schmidt ,,Statskundskab,Kvinde,,Socialdemokratiet
K92,,Helle Thorning-Schmidt ,,Statskundskab,Kvinde,,Socialdemokratiet
K93,,Helle Thorning-Schmidt ,,Statskundskab,Kvinde,,Socialdemokratiet
K94,,Helle Thorning-Schmidt ,,Statskundskab,Kvinde,,Socialdemokratiet
Næsgård Agerbrugsskole,,Henrik Børge Høegh ,,Landbrug,Mand,25-02-52,Venstre
HA RUC,,Henrik Sass Larsen ,Erhvervs- og vækstminister ,Erhvervsøkonomi,Mand,29-05-66,Socialdemokratiet
Statskundskab Aarhus 73,,Holger Kirkholm Nielsen ,,Statskundskab,Mand,23-04-50,Socialistisk Folkeparti
Master of Business administration Aalborg,,Inger Støjberg,,Erhvervsøkonomi,Kvinde,16-03-73,Venstre
CBS/Handelshøjskolen i  København 92,,Jacob Jensen ,,Jura og økonomi,Mand,26-05-67,Venstre
CBS/Handelshøjskolen i  København 93,,Jacob Jensen ,,Jura og økonomi,Mand,26-05-68,Venstre
CBS/Handelshøjskolen i  København 94,,Jacob Jensen ,,Jura og økonomi,Mand,26-05-69,Venstre
CBS/Handelshøjskolen i  København 95,,Jacob Jensen ,,Jura og økonomi,Mand,26-05-70,Venstre
CBS/Handelshøjskolen i  København 96,,Jacob Jensen ,,Jura og økonomi,Mand,26-05-71,Venstre
CBS/Handelshøjskolen i  København 97,,Jacob Jensen ,,Jura og økonomi,Mand,26-05-72,Venstre
CBS/Handelshøjskolen i  København 98,,Jacob Jensen ,,Jura og økonomi,Mand,26-05-73,Venstre
CBS/Handelshøjskolen i  København 00,,Jakob Ellemann-Jensen,,Jura og økonomi,Mand,25-09-69,Venstre
CBS/Handelshøjskolen i  København 01,,Jakob Ellemann-Jensen,,Jura og økonomi,Mand,25-09-68,Venstre
CBS/Handelshøjskolen i  København 02,,Jakob Ellemann-Jensen,,Jura og økonomi,Mand,25-09-67,Venstre
CBS/Handelshøjskolen i  København 96,,Jakob Ellemann-Jensen,,Jura og økonomi,Mand,25-09-71,Venstre
CBS/Handelshøjskolen i  København 97,,Jakob Ellemann-Jensen,,Jura og økonomi,Mand,25-09-72,Venstre
CBS/Handelshøjskolen i  København 98,,Jakob Ellemann-Jensen,,Jura og økonomi,Mand,25-09-73,Venstre
CBS/Handelshøjskolen i  København 99,,Jakob Ellemann-Jensen,,Jura og økonomi,Mand,25-09-70,Venstre
CBS/Handelshøjskolen i  København merc 04,,Jakob Engel-Schmidt,,Erhvervsøkonomi,Mand,24-10-83,Venstre
CBS/Handelshøjskolen i  København merc 05,,Jakob Engel-Schmidt,,Erhvervsøkonomi,Mand,24-10-83,Venstre
CBS/Handelshøjskolen i  København merc 06,,Jakob Engel-Schmidt,,Erhvervsøkonomi,Mand,24-10-83,Venstre
CBS/Handelshøjskolen i  København merc 07,,Jakob Engel-Schmidt,,Erhvervsøkonomi,Mand,24-10-83,Venstre
CBS/Handelshøjskolen i  København merc 08,,Jakob Engel-Schmidt,,Erhvervsøkonomi,Mand,24-10-83,Venstre
CBS/Handelshøjskolen i  København merc 09,,Jakob Engel-Schmidt,,Erhvervsøkonomi,Mand,24-10-83,Venstre
CBS/Handelshøjskolen i  København merc 10,,Jakob Engel-Schmidt,,Erhvervsøkonomi,Mand,24-10-83,Venstre
Cand.jur. KU 89,,Jan Ejnar Jørgensen,,Jura,Mand,19-02-65,Venstre
Cand.jur. KU 90,,Jan Ejnar Jørgensen,,Jura,Mand,19-02-65,Venstre
Cand.jur. KU 91,,Jan Ejnar Jørgensen,,Jura,Mand,19-02-65,Venstre
Cand.jur. KU 92,,Jan Ejnar Jørgensen,,Jura,Mand,19-02-65,Venstre
Cand.jur. KU 93,,Jan Ejnar Jørgensen,,Jura,Mand,19-02-65,Venstre
Cand.jur. KU 94,,Jan Ejnar Jørgensen,,Jura,Mand,19-02-65,Venstre
Cand.jur. KU 95,,Jan Ejnar Jørgensen,,Jura,Mand,19-02-65,Venstre
Bygholm Landbrugsskole,,Jens Ejner Christensen,,Landbrug,Mand,19-06-68,Venstre
Socialvidenskab Humbolt Universitet,,Jens Joel Nielsen ,,Statskundskab,Mand,12-05-78,Socialdemokratiet
Statskundskab Aarhus 00,,Jens Joel Nielsen ,,Statskundskab,Mand,12-05-78,Socialdemokratiet
Statskundskab Aarhus 01,,Jens Joel Nielsen ,,Statskundskab,Mand,12-05-78,Socialdemokratiet
Statskundskab Aarhus 02,,Jens Joel Nielsen ,,Statskundskab,Mand,12-05-78,Socialdemokratiet
Statskundskab Aarhus 03,,Jens Joel Nielsen ,,Statskundskab,Mand,12-05-78,Socialdemokratiet
Statskundskab Aarhus 04,,Jens Joel Nielsen ,,Statskundskab,Mand,12-05-78,Socialdemokratiet
Statskundskab Aarhus 05,,Jens Joel Nielsen ,,Statskundskab,Mand,12-05-78,Socialdemokratiet
Statskundskab Aarhus 06,,Jens Joel Nielsen ,,Statskundskab,Mand,12-05-78,Socialdemokratiet
Statskundskab Aarhus 99,,Jens Joel Nielsen ,,Statskundskab,Mand,12-05-78,Socialdemokratiet
K00,,Jeppe Bruus Christensen ,,Statskundskab,Mand,,Socialdemokratiet
K01,,Jeppe Bruus Christensen ,,Statskundskab,Mand,,Socialdemokratiet
K02,,Jeppe Bruus Christensen ,,Statskundskab,Mand,,Socialdemokratiet
K03,,Jeppe Bruus Christensen ,,Statskundskab,Mand,,Socialdemokratiet
K04,,Jeppe Bruus Christensen ,,Statskundskab,Mand,,Socialdemokratiet
K05,,Jeppe Bruus Christensen ,,Statskundskab,Mand,,Socialdemokratiet
K06,,Jeppe Bruus Christensen ,,Statskundskab,Mand,,Socialdemokratiet
K07,,Jeppe Bruus Christensen ,,Statskundskab,Mand,,Socialdemokratiet
K99,,Jeppe Bruus Christensen ,,Statskundskab,Mand,,Socialdemokratiet
Soc RUC 04,,Johanne Schmidt-Nielsen ,,Socialvidenskab/Samfundsfag,Kvinde,22-02-84,Enhedslisten
Soc RUC 05,,Johanne Schmidt-Nielsen ,,Socialvidenskab/Samfundsfag,Kvinde,22-02-84,Enhedslisten
Soc RUC 06,,Johanne Schmidt-Nielsen ,,Socialvidenskab/Samfundsfag,Kvinde,22-02-84,Enhedslisten
Soc RUC 07,,Johanne Schmidt-Nielsen ,,Socialvidenskab/Samfundsfag,Kvinde,22-02-84,Enhedslisten
CBS/Handelshøjskolen i  København merc 90,,John Dyrby Paulsen ,,Økonomi,Mand,12-07-63,Socialdemokratiet
CBS/Handelshøjskolen i  København merc 91,,John Dyrby Paulsen ,,Økonomi,Mand,12-07-63,Socialdemokratiet
CBS/Handelshøjskolen i  København merc 92,,John Dyrby Paulsen ,,Økonomi,Mand,12-07-63,Socialdemokratiet
Økonomi København 83,,John Dyrby Paulsen ,,Økonomi,Mand,12-07-63,Socialdemokratiet
Økonomi København 84,,John Dyrby Paulsen ,,Økonomi,Mand,13-07-63,Socialdemokratiet
Økonomi København 85,,John Dyrby Paulsen ,,Økonomi,Mand,14-07-63,Socialdemokratiet
Økonomi København 86,,John Dyrby Paulsen ,,Økonomi,Mand,15-07-63,Socialdemokratiet
Økonomi København 87,,John Dyrby Paulsen ,,Økonomi,Mand,16-07-63,Socialdemokratiet
Økonomi København 88,,John Dyrby Paulsen ,,Økonomi,Mand,17-07-63,Socialdemokratiet
Økonomi København 89,,John Dyrby Paulsen ,,Økonomi,Mand,18-07-63,Socialdemokratiet
Økonomi København 90,,John Dyrby Paulsen ,,Økonomi,Mand,19-07-63,Socialdemokratiet
N. Zahles Seminarium,,Karen Ellemann Kloch,,Læreruddannelsen,Kvinde,26-08-69,Venstre
Herning Seminarium 1975 – 1979,,Karin Gaardsted ,,Læreruddannelsen,Kvinde,19-10-55,Socialdemokratiet
Haslev seminarium 86,,Karin Nødgaard,,Læreruddannelsen,Kvinde,10-01-1966,Dansk Folkeparti
Haslev seminarium 87,,Karin Nødgaard,,Læreruddannelsen,Kvinde,10-01-1966,Dansk Folkeparti
Haslev Seminarium 88,,Karin Nødgaard,,Læreruddannelsen,Kvinde,10-01-1966,Dansk Folkeparti
Haslev Seminarium 89,,Karin Nødgaard,,Læreruddannelsen,Kvinde,10-01-1966,Dansk Folkeparti
Haslev Seminarium 90,,Karin Nødgaard,,Læreruddannelsen,Kvinde,10-01-1966,Dansk Folkeparti
Akademisk økomom,,Karina Lorentzen Dehnhardt ,,Erhvervsøkonomi,Kvinde,26-10-73,Socialistisk Folkeparti
Lærerseminarium i Haderselev 98  - 2002,,Karina Lorentzen Dehnhardt ,,Erhvervsøkonomi,Kvinde,26-10-73,Socialistisk Folkeparti
Tømrer. Århus,,Karsten Hønge ,,Teknisk uddannelse,Mand,25-09-58,Socialistisk Folkeparti
"Udvekslingsstudent ved landbruget
",,Karsten Nonbo,,Landbrug,Mand,12-07-52,Venstre
Danske Slagterier og Ess-Food,,Kim Andersen ,,Socialvidenskab/Samfundsfag,Mand,17-10-57,Venstre
Stud.rer.soc Odense Universitet,,Kim Andersen ,,Socialvidenskab/Samfundsfag,Mand,17-10-57,Venstre
Soc RUC 00,,Kirsten Brosbøl ,Miljøminister,Socialvidenskab/Samfundsfag,Kvinde,14-12-77,Socialdemokratiet
Soc RUC 01,,Kirsten Brosbøl ,Miljøminister,Socialvidenskab/Samfundsfag,Kvinde,14-12-77,Socialdemokratiet
Soc RUC 02,,Kirsten Brosbøl ,Miljøminister,Socialvidenskab/Samfundsfag,Kvinde,14-12-77,Socialdemokratiet
Soc RUC 03,,Kirsten Brosbøl ,Miljøminister,Socialvidenskab/Samfundsfag,Kvinde,14-12-77,Socialdemokratiet
Soc RUC 04,,Kirsten Brosbøl ,Miljøminister,Socialvidenskab/Samfundsfag,Kvinde,14-12-77,Socialdemokratiet
Soc RUC 05,,Kirsten Brosbøl ,Miljøminister,Socialvidenskab/Samfundsfag,Kvinde,14-12-77,Socialdemokratiet
Soc RUC 97,,Kirsten Brosbøl ,Miljøminister,Socialvidenskab/Samfundsfag,Kvinde,14-12-77,Socialdemokratiet
Soc RUC 98,,Kirsten Brosbøl ,Miljøminister,Socialvidenskab/Samfundsfag,Kvinde,14-12-77,Socialdemokratiet
Soc RUC 99,,Kirsten Brosbøl ,Miljøminister,Socialvidenskab/Samfundsfag,Kvinde,14-12-77,Socialdemokratiet
Bankelev hos Unibank,,Kristian Jensen ,,Erhvervsøkonomi,Mand,21-05-71,Venstre
Jura og økonomi Aalborg Universitet,,Kristian Thulesen Dahl,,Jura og økonomi,Mand,30-07-1969,Dansk Folkeparti
Cand.jur. KU 76,,Lars Barfoed,,Jura,Mand,04-07-1957,Det Konservative Folkeparti
Cand.jur. KU 77,,Lars Barfoed,,Jura,Mand,04-07-1957,Det Konservative Folkeparti
Cand.jur. KU 78,,Lars Barfoed,,Jura,Mand,04-07-1957,Det Konservative Folkeparti
Cand.jur. KU 79,,Lars Barfoed,,Jura,Mand,04-07-1957,Det Konservative Folkeparti
Cand.jur. KU 80,,Lars Barfoed,,Jura,Mand,04-07-1957,Det Konservative Folkeparti
Cand.jur. KU 81,,Lars Barfoed,,Jura,Mand,04-07-1957,Det Konservative Folkeparti
Økonomiske og samfundsvidenskabelige studier Odense Universitet,,Lars Christian Lilleholt,,Socialvidenskab/Samfundsfag,Mand,02-03-65,Venstre
Cand.jur. KU 87,,Lars Løkke Rasmussen,,Jura,Mand,15-05-64,Venstre
Cand.jur. KU 88,,Lars Løkke Rasmussen,,Jura,Mand,15-05-64,Venstre
Cand.jur. KU 89,,Lars Løkke Rasmussen,,Jura,Mand,15-05-64,Venstre
Cand.jur. KU 90,,Lars Løkke Rasmussen,,Jura,Mand,15-05-64,Venstre
Cand.jur. KU 91,,Lars Løkke Rasmussen,,Jura,Mand,15-05-64,Venstre
Cand.jur. KU 92,,Lars Løkke Rasmussen,,Jura,Mand,15-05-64,Venstre
Læreruddannelsen ukendt,,Lars Winther Dohn ,,Læreruddannelsen,Mand,26-03-50,Enhedslisten
Asmildkloster Landbrugsskole,,Leif Mikkelsen,,Landbrug,Mand,27-07-1945,Liberal Alliance
Økonomi Århus Universitet 84,,Lene Espersen,,Økonomi,Kvinde,26-09-1965,Det Konservative Folkeparti
Økonomi Århus Universitet 85,,Lene Espersen,,Økonomi,Kvinde,26-09-1964,Det Konservative Folkeparti
Økonomi Århus Universitet 86,,Lene Espersen,,Økonomi,Kvinde,26-09-1963,Det Konservative Folkeparti
Økonomi Århus Universitet 87,,Lene Espersen,,Økonomi,Kvinde,26-09-1962,Det Konservative Folkeparti
Økonomi Århus Universitet 88,,Lene Espersen,,Økonomi,Kvinde,26-09-1961,Det Konservative Folkeparti
Økonomi Århus Universitet 89,,Lene Espersen,,Økonomi,Kvinde,26-09-1960,Det Konservative Folkeparti
Økonomi Århus Universitet 90,,Lene Espersen,,Økonomi,Kvinde,26-09-1959,Det Konservative Folkeparti
Tømrer. Nykøbning Falster,,Lennart Damsbo-Andersen ,,Teknisk uddannelse,Mand,05-10-56,Socialdemokratiet
Soc Aalborg Universitet 07,,Lisbeth Bech Poulsen ,,Socialvidenskab/Samfundsfag,Kvinde,01-12-82,Socialistisk Folkeparti
Soc Aalborg Universitet 08,,Lisbeth Bech Poulsen ,,Socialvidenskab/Samfundsfag,Kvinde,01-12-82,Socialistisk Folkeparti
Soc Aalborg Universitet 09,,Lisbeth Bech Poulsen ,,Socialvidenskab/Samfundsfag,Kvinde,01-12-82,Socialistisk Folkeparti
Soc Aalborg Universitet 06,,Lisbeth Bech Poulsen ,,Socialvidenskab/Samfundsfag,Kvinde,01-12-82,Socialistisk Folkeparti
Soc Aalborg Universitet 05,,Lisbeth Bech Poulsen ,,Socialvidenskab/Samfundsfag,Kvinde,01-12-82,Socialistisk Folkeparti
Soc Aalborg Universitet 04,,Lisbeth Bech Poulsen ,,Socialvidenskab/Samfundsfag,Kvinde,01-12-82,Socialistisk Folkeparti
Soc Aalborg Universitet 03,,Lisbeth Bech Poulsen ,,Socialvidenskab/Samfundsfag,Kvinde,01-12-82,Socialistisk Folkeparti
Statskundskab Áarhus 07,,Liv Holm Andersen ,,Statskundskab,Kvinde,08-05-87,Radikale Venstre
Statskundskab Áarhus 08,,Liv Holm Andersen ,,Statskundskab,Kvinde,08-05-87,Radikale Venstre
Statskundskab Áarhus 09,,Liv Holm Andersen ,,Statskundskab,Kvinde,08-05-87,Radikale Venstre
Statskundskab Áarhus 10,,Liv Holm Andersen ,,Statskundskab,Kvinde,08-05-87,Radikale Venstre
Statskundskab Áarhus 10,,Liv Holm Andersen ,,Statskundskab,Kvinde,08-05-87,Radikale Venstre
Statskundskab Áarhus 11,,Liv Holm Andersen ,,Statskundskab,Kvinde,08-05-87,Radikale Venstre
Statskundskab Áarhus 12,,Liv Holm Andersen ,,Statskundskab,Kvinde,08-05-87,Radikale Venstre
Statskundskab Áarhus 13,,Liv Holm Andersen ,,Statskundskab,Kvinde,08-05-87,Radikale Venstre
Statskundskab Áarhus 14,,Liv Holm Andersen ,,Statskundskab,Kvinde,08-05-87,Radikale Venstre
CBS/Handelshøjskolen i  København merc 04,,Lone Loklindt ,,Erhvervsøkonomi,Kvinde,,Radikale Venstre
CBS/Handelshøjskolen i  København merc 05,,Lone Loklindt ,,Erhvervsøkonomi,Kvinde,,Radikale Venstre
CBS/Handelshøjskolen i  København merc 06,,Lone Loklindt ,,Erhvervsøkonomi,Kvinde,,Radikale Venstre
CBS/Handelshøjskolen i  København merc 07,,Lone Loklindt ,,Erhvervsøkonomi,Kvinde,,Radikale Venstre
K07,,Lotte Rod ,,Statskundskab,Kvinde,,Radikale Venstre
K08,,Lotte Rod ,,Statskundskab,Kvinde,,Radikale Venstre
K09,,Lotte Rod ,,Statskundskab,Kvinde,,Radikale Venstre
K10,,Lotte Rod ,,Statskundskab,Kvinde,,Radikale Venstre
K11,,Lotte Rod ,,Statskundskab,Kvinde,,Radikale Venstre
K12,,Lotte Rod ,,Statskundskab,Kvinde,,Radikale Venstre
Økonomi København 01,,Louise Schack Elholm,,Økonomi,Kvinde,26-10-77,Venstre
Økonomi København 02,,Louise Schack Elholm,,Økonomi,Kvinde,26-10-76,Venstre
Økonomi København 03,,Louise Schack Elholm,,Økonomi,Kvinde,26-10-75,Venstre
Økonomi København 04,,Louise Schack Elholm,,Økonomi,Kvinde,26-10-74,Venstre
Økonomi København 05,,Louise Schack Elholm,,Økonomi,Kvinde,26-10-73,Venstre
Økonomi København 06,,Louise Schack Elholm,,Økonomi,Kvinde,26-10-72,Venstre
CBS/Handelshøjskolen i  København merc 08,,Mads Rørvig ,,Erhvervsøkonomi,Mand,11-07-85,Venstre
CBS/Handelshøjskolen i  København merc 09,,Mads Rørvig ,,Erhvervsøkonomi,Mand,11-07-85,Venstre
CBS/Handelshøjskolen i  København merc 10,,Mads Rørvig ,,Erhvervsøkonomi,Mand,11-07-85,Venstre
Statskundskab Syddansk,,Mai Mercado,,Statskundskab,Kvinde,20-08-1980,Det Konservative Folkeparti
Hellerup Seminarium 1967,,Marianne Bruus Jelved ,Kulturminister og kirkeminister ,Læreruddannelsen,Kvinde,05-09-43,Radikale Venstre
CBS/Handelshøjskolen i  København merc 00,,Marie Krarup,,Erhvervsøkonomi,Kvinde,06-12-1965,Dansk Folkeparti
CBS/Handelshøjskolen i  København merc 01,,Marie Krarup,,Erhvervsøkonomi,Kvinde,06-12-1965,Dansk Folkeparti
CBS/Handelshøjskolen i  København merc 02,,Marie Krarup,,Erhvervsøkonomi,Kvinde,06-12-1965,Dansk Folkeparti
CBS/Handelshøjskolen i  København merc 03,,Marie Krarup,,Erhvervsøkonomi,Kvinde,06-12-1965,Dansk Folkeparti
Bankassistent hos danske bank,,Marlene Borst Hansen ,,Erhvervsøkonomi,Kvinde,03-08-74,Radikale Venstre
Haderslev Statsseminarium ,,Marlene Borst Hansen ,,Erhvervsøkonomi,Kvinde,03-08-74,Radikale Venstre
K03,,Martin Raahauge Geertsen,,Statskundskab,Mand,,Venstre
K04,,Martin Raahauge Geertsen,,Statskundskab,Mand,,Venstre
K05,,Martin Raahauge Geertsen,,Statskundskab,Mand,,Venstre
K06,,Martin Raahauge Geertsen,,Statskundskab,Mand,,Venstre
K07,,Martin Raahauge Geertsen,,Statskundskab,Mand,,Venstre
K08,,Martin Raahauge Geertsen,,Statskundskab,Mand,,Venstre
Statskundskab Aarhus 81,,Mette Bock,,Statskundskab,Kvinde,26-07-1957,Liberal Alliance
Statskundskab Aarhus 82,,Mette Bock,,Statskundskab,Kvinde,26-07-1957,Liberal Alliance
Statskundskab Aarhus 83,,Mette Bock,,Statskundskab,Kvinde,26-07-1957,Liberal Alliance
Statskundskab Aarhus 84,,Mette Bock,,Statskundskab,Kvinde,26-07-1957,Liberal Alliance
Statskundskab Aarhus 85,,Mette Bock,,Statskundskab,Kvinde,26-07-1957,Liberal Alliance
Statskundskab Aarhus 86,,Mette Bock,,Statskundskab,Kvinde,26-07-1957,Liberal Alliance
Soc Aalborg Universitet 04,,Mette Frederiksen ,Justitsminister,Socialvidenskab/Samfundsfag,Kvinde,19-11-77,Socialdemokratiet
Soc Aalborg Universitet 05,,Mette Frederiksen ,Justitsminister,Socialvidenskab/Samfundsfag,Kvinde,19-11-77,Socialdemokratiet
Soc Aalborg Universitet 06,,Mette Frederiksen ,Justitsminister,Socialvidenskab/Samfundsfag,Kvinde,19-11-77,Socialdemokratiet
Soc Aalborg Universitet 07,,Mette Frederiksen ,Justitsminister,Socialvidenskab/Samfundsfag,Kvinde,19-11-77,Socialdemokratiet
Cand.agro. ,,Mette Gjerskov ,,Landbrug,Kvinde,28-07-66,Socialdemokratiet
CBS/Handelshøjskolen i  København 84,,Mette Reissmann ,,Jura og økonomi,Kvinde,04-10-63,Socialdemokratiet
CBS/Handelshøjskolen i  København 85,,Mette Reissmann ,,Jura og økonomi,Kvinde,05-10-63,Socialdemokratiet
CBS/Handelshøjskolen i  København 86,,Mette Reissmann ,,Jura og økonomi,Kvinde,06-10-63,Socialdemokratiet
CBS/Handelshøjskolen i  København 87,,Mette Reissmann ,,Jura og økonomi,Kvinde,07-10-63,Socialdemokratiet
CBS/Handelshøjskolen i  København 88,,Mette Reissmann ,,Jura og økonomi,Kvinde,08-10-63,Socialdemokratiet
CBS/Handelshøjskolen i  København 89,,Mette Reissmann ,,Jura og økonomi,Kvinde,09-10-63,Socialdemokratiet
Vestsjællands Handelshøjskole,,Michael Aastrup Jensen,,Erhvervsøkonomi,Mand,06-03-76,Venstre
Økonomi København 00,,Mikkel Sjøberg Dencker,,Økonomi,Mand,20-11-1971,Dansk Folkeparti
Økonomi København 96,,Mikkel Sjøberg Dencker,,Økonomi,Mand,20-11-1975,Dansk Folkeparti
Økonomi København 97,,Mikkel Sjøberg Dencker,,Økonomi,Mand,20-11-1974,Dansk Folkeparti
Økonomi København 98,,Mikkel Sjøberg Dencker,,Økonomi,Mand,20-11-1973,Dansk Folkeparti
Økonomi København 99,,Mikkel Sjøberg Dencker,,Økonomi,Mand,20-11-1972,Dansk Folkeparti
Økonomi København 71,,Mogens Lykketoft ,,Økonomi,Mand,09-01-46,Socialdemokratiet
Soc Aalborg Universitet 01,,Morten Bødskov ,,Socialvidenskab/Samfundsfag,Mand,01-05-70,Socialdemokratiet
Soc Aalborg Universitet 02,,Morten Bødskov ,,Socialvidenskab/Samfundsfag,Mand,01-05-70,Socialdemokratiet
Soc Aalborg Universitet 03,,Morten Bødskov ,,Socialvidenskab/Samfundsfag,Mand,01-05-70,Socialdemokratiet
Soc Aalborg Universitet 04,,Morten Bødskov ,,Socialvidenskab/Samfundsfag,Mand,01-05-70,Socialdemokratiet
Statskundskab Aarhus 00,,Morten Østergaard ,Økonomi- og Indenrigsminister,Statskundskab,Mand,17-06-76,Radikale Venstre
Statskundskab Aarhus 01,,Morten Østergaard ,Økonomi- og Indenrigsminister,Statskundskab,Mand,17-06-76,Radikale Venstre
Statskundskab Aarhus 02,,Morten Østergaard ,Økonomi- og Indenrigsminister,Statskundskab,Mand,17-06-76,Radikale Venstre
Statskundskab Aarhus 03,,Morten Østergaard ,Økonomi- og Indenrigsminister,Statskundskab,Mand,17-06-76,Radikale Venstre
Statskundskab Aarhus 04,,Morten Østergaard ,Økonomi- og Indenrigsminister,Statskundskab,Mand,17-06-76,Radikale Venstre
Statskundskab Aarhus 05,,Morten Østergaard ,Økonomi- og Indenrigsminister,Statskundskab,Mand,17-06-76,Radikale Venstre
Statskundskab Aarhus 06,,Morten Østergaard ,Økonomi- og Indenrigsminister,Statskundskab,Mand,17-06-76,Radikale Venstre
Statskundskab Aarhus 97,,Morten Østergaard ,Økonomi- og Indenrigsminister,Statskundskab,Mand,17-06-76,Radikale Venstre
Statskundskab Aarhus 98,,Morten Østergaard ,Økonomi- og Indenrigsminister,Statskundskab,Mand,17-06-76,Radikale Venstre
Statskundskab Aarhus 99,,Morten Østergaard ,Økonomi- og Indenrigsminister,Statskundskab,Mand,17-06-76,Radikale Venstre
Økonomi København 04,,Nadeem Farooq,,Økonomi,Mand,05-08-76,Radikale Venstre
Økonomi København 05,,Nadeem Farooq,,Økonomi,Mand,05-08-76,Radikale Venstre
Økonomi København 06,,Nadeem Farooq,,Økonomi,Mand,05-08-76,Radikale Venstre
Økonomi København 07,,Nadeem Farooq,,Økonomi,Mand,05-08-76,Radikale Venstre
Økonomi København 08,,Nadeem Farooq,,Økonomi,Mand,05-08-76,Radikale Venstre
Økonomi København 09,,Nadeem Farooq,,Økonomi,Mand,05-08-76,Radikale Venstre
Cand.jur. KU 88,,Nick Hækkerup ,Minister for sundhed og forebyggelse ,Jura,Mand,03-04-68,Socialdemokratiet
Cand.jur. KU 89,,Nick Hækkerup ,Minister for sundhed og forebyggelse ,Jura,Mand,03-04-68,Socialdemokratiet
Cand.jur. KU 90,,Nick Hækkerup ,Minister for sundhed og forebyggelse ,Jura,Mand,03-04-68,Socialdemokratiet
Cand.jur. KU 91,,Nick Hækkerup ,Minister for sundhed og forebyggelse ,Jura,Mand,03-04-68,Socialdemokratiet
Cand.jur. KU 92,,Nick Hækkerup ,Minister for sundhed og forebyggelse ,Jura,Mand,03-04-68,Socialdemokratiet
Cand.jur. KU 93,,Nick Hækkerup ,Minister for sundhed og forebyggelse ,Jura,Mand,03-04-68,Socialdemokratiet
Cand.jur. KU 94,,Nick Hækkerup ,Minister for sundhed og forebyggelse ,Jura,Mand,03-04-68,Socialdemokratiet
Statskundskab Aarhus 01,,Nicolai Halby Wammen ,Forsvarsminister,Statskundskab,Mand,07-02-71,Socialdemokratiet
Statskundskab Aarhus 02,,Nicolai Halby Wammen ,Forsvarsminister,Statskundskab,Mand,07-02-71,Socialdemokratiet
Statskundskab Aarhus 03,,Nicolai Halby Wammen ,Forsvarsminister,Statskundskab,Mand,07-02-71,Socialdemokratiet
Statskundskab Aarhus 04,,Nicolai Halby Wammen ,Forsvarsminister,Statskundskab,Mand,07-02-71,Socialdemokratiet
Statskundskab Aarhus 05,,Nicolai Halby Wammen ,Forsvarsminister,Statskundskab,Mand,07-02-71,Socialdemokratiet
Statskundskab Aarhus 06,,Nicolai Halby Wammen ,Forsvarsminister,Statskundskab,Mand,07-02-71,Socialdemokratiet
Statskundskab Aarhus 07,,Nicolai Halby Wammen ,Forsvarsminister,Statskundskab,Mand,07-02-71,Socialdemokratiet
Aalborg Seminarium ,,Orla Hav ,,Teknisk uddannelse,Mand,03-04-52,Socialdemokratiet
K00,,Pernille Rosenkrantz-Theil ,,Statskundskab,Kvinde,17-01-77,Socialdemokratiet
K01,,Pernille Rosenkrantz-Theil ,,Statskundskab,Kvinde,17-01-77,Socialdemokratiet
K02,,Pernille Rosenkrantz-Theil ,,Statskundskab,Kvinde,17-01-77,Socialdemokratiet
K03,,Pernille Rosenkrantz-Theil ,,Statskundskab,Kvinde,17-01-77,Socialdemokratiet
K98,,Pernille Rosenkrantz-Theil ,,Statskundskab,Kvinde,17-01-77,Socialdemokratiet
K99,,Pernille Rosenkrantz-Theil ,,Statskundskab,Kvinde,17-01-77,Socialdemokratiet
Cand.jur. KU 04,,Pernille Skipper ,,Jura,Kvinde,10-07-84,Enhedslisten
Cand.jur. KU 05,,Pernille Skipper ,,Jura,Kvinde,10-07-84,Enhedslisten
Cand.jur. KU 06,,Pernille Skipper ,,Jura,Kvinde,10-07-84,Enhedslisten
Cand.jur. KU 07,,Pernille Skipper ,,Jura,Kvinde,10-07-84,Enhedslisten
Cand.jur. KU 08,,Pernille Skipper ,,Jura,Kvinde,10-07-84,Enhedslisten
Cand.jur. KU 09,,Pernille Skipper ,,Jura,Kvinde,10-07-84,Enhedslisten
Cand.jur. KU 10,,Pernille Skipper ,,Jura,Kvinde,10-07-84,Enhedslisten
Cand.jur. KU 11,,Pernille Skipper ,,Jura,Kvinde,10-07-84,Enhedslisten
Elektriker,,Peter Christensen,,Teknisk uddannelse,Mand,23-04-75,Venstre
Hjørring Seminarium,,Peter Juel Jensen,,Læreruddannelsen,Mand,18-05-66,Venstre
Buntmagerlærling. Lollands Buntmageri,,Pia Liselott Blixt,,Teknisk uddannelse,Kvinde,22-02-1965,Dansk Folkeparti
Købmandsskolen i København,,Pia Merete Kjærsgaard,,Erhvervsøkonomi,Kvinde,03-02-1947,Dansk Folkeparti
K92,,Pia Olsen Dyhr ,,Statskundskab,Kvinde,,Socialistisk Folkeparti
K93,,Pia Olsen Dyhr ,,Statskundskab,Kvinde,,Socialistisk Folkeparti
K94,,Pia Olsen Dyhr ,,Statskundskab,Kvinde,,Socialistisk Folkeparti
K95,,Pia Olsen Dyhr ,,Statskundskab,Kvinde,,Socialistisk Folkeparti
K96,,Pia Olsen Dyhr ,,Statskundskab,Kvinde,,Socialistisk Folkeparti
K97,,Pia Olsen Dyhr ,,Statskundskab,Kvinde,,Socialistisk Folkeparti
K98,,Pia Olsen Dyhr ,,Statskundskab,Kvinde,,Socialistisk Folkeparti
K99,,Pia Olsen Dyhr ,,Statskundskab,Kvinde,,Socialistisk Folkeparti
Cand.jur. Aarhus 74,,Preben Bang Henriksen,,Jura,Mand,11-02-54,Venstre
Cand.jur. Aarhus 75,,Preben Bang Henriksen,,Jura,Mand,11-02-54,Venstre
Cand.jur. Aarhus 76,,Preben Bang Henriksen,,Jura,Mand,11-02-54,Venstre
Cand.jur. Aarhus 77,,Preben Bang Henriksen,,Jura,Mand,11-02-54,Venstre
Cand.jur. Aarhus 78,,Preben Bang Henriksen,,Jura,Mand,11-02-54,Venstre
Cand.jur. Aarhus 79,,Preben Bang Henriksen,,Jura,Mand,11-02-54,Venstre
Soc Aalborg Universitet 00,,Rasmus Prehn ,,Socialvidenskab/Samfundsfag,Mand,18-06-73,Socialdemokratiet
Soc Aalborg Universitet 01,,Rasmus Prehn ,,Socialvidenskab/Samfundsfag,Mand,18-06-73,Socialdemokratiet
Soc Aalborg Universitet 02,,Rasmus Prehn ,,Socialvidenskab/Samfundsfag,Mand,18-06-73,Socialdemokratiet
Soc Aalborg Universitet 99,,Rasmus Prehn ,,Socialvidenskab/Samfundsfag,Mand,18-06-73,Socialdemokratiet
Automekaniker. Horbelev Autoservice,,Rene Bjørn Christensen,,Teknisk uddannelse,Mand,31-10-1970,Dansk Folkeparti
Økonomi Århus Universitet 87,,René Skau Björnsson,,Økonomi,Mand,14-02-67,Socialdemokratiet
Økonomi Århus Universitet 88,,René Skau Björnsson,,Økonomi,Mand,15-02-67,Socialdemokratiet
Økonomi Århus Universitet 89,,René Skau Björnsson,,Økonomi,Mand,16-02-67,Socialdemokratiet
Økonomi Århus Universitet 90,,René Skau Björnsson,,Økonomi,Mand,17-02-67,Socialdemokratiet
Økonomi Århus Universitet 91,,René Skau Björnsson,,Økonomi,Mand,18-02-67,Socialdemokratiet
Økonomi Århus Universitet 92,,René Skau Björnsson,,Økonomi,Mand,19-02-67,Socialdemokratiet
Økonomi Århus Universitet 93,,René Skau Björnsson,,Økonomi,Mand,20-02-67,Socialdemokratiet
Økonomi Århus Universitet 94,,René Skau Björnsson,,Økonomi,Mand,21-02-67,Socialdemokratiet
K09,,Rosa Lund ,,Statskundskab,Kvinde,,Enhedslisten
K10,,Rosa Lund ,,Statskundskab,Kvinde,,Enhedslisten
K11,,Rosa Lund ,,Statskundskab,Kvinde,,Enhedslisten
K12,,Rosa Lund ,,Statskundskab,Kvinde,,Enhedslisten
K13,,Rosa Lund ,,Statskundskab,Kvinde,,Enhedslisten
K14,,Rosa Lund ,,Statskundskab,Kvinde,,Enhedslisten
Soc RUC 00,,Simon Emil Ammitzbøll,,Socialvidenskab/Samfundsfag,Mand,20-10-1977,Liberal Alliance
Soc RUC 01,,Simon Emil Ammitzbøll,,Socialvidenskab/Samfundsfag,Mand,20-10-1977,Liberal Alliance
Soc RUC 02,,Simon Emil Ammitzbøll,,Socialvidenskab/Samfundsfag,Mand,20-10-1977,Liberal Alliance
Soc RUC 03,,Simon Emil Ammitzbøll,,Socialvidenskab/Samfundsfag,Mand,20-10-1977,Liberal Alliance
K06,,Simon Kollerup,,Statskundskab,Mand,,Socialdemokratiet
K07,,Simon Kollerup,,Statskundskab,Mand,,Socialdemokratiet
K08,,Simon Kollerup,,Statskundskab,Mand,,Socialdemokratiet
K09,,Simon Kollerup,,Statskundskab,Mand,,Socialdemokratiet
K10,,Simon Kollerup,,Statskundskab,Mand,,Socialdemokratiet
K11,,Simon Kollerup,,Statskundskab,Mand,,Socialdemokratiet
K92,,Sjúrður Skaale ,,Statskundskab,Mand,,Javnaðarflokkurin 
K93,,Sjúrður Skaale ,,Statskundskab,Mand,,Javnaðarflokkurin 
K94,,Sjúrður Skaale ,,Statskundskab,Mand,,Javnaðarflokkurin 
K95,,Sjúrður Skaale ,,Statskundskab,Mand,,Javnaðarflokkurin 
K96,,Sjúrður Skaale ,,Statskundskab,Mand,,Javnaðarflokkurin 
K97,,Sjúrður Skaale ,,Statskundskab,Mand,,Javnaðarflokkurin 
CBS/Handelshøjskolen i  København merc 04,,Sophie Løhde Jacobsen,,Erhvervsøkonomi,Kvinde,11-09-83,Venstre
CBS/Handelshøjskolen i  København merc 05,,Sophie Løhde Jacobsen,,Erhvervsøkonomi,Kvinde,11-09-83,Venstre
CBS/Handelshøjskolen i  København merc 06,,Sophie Løhde Jacobsen,,Erhvervsøkonomi,Kvinde,11-09-83,Venstre
CBS/Handelshøjskolen i  København merc 07,,Sophie Løhde Jacobsen,,Erhvervsøkonomi,Kvinde,11-09-83,Venstre
Herning Seminarium ,,Steen Gade ,,Læreruddannelsen,Mand,09-04-45,Socialistisk Folkeparti
Soc RUC 03,,Stine Maiken Brix ,,Socialvidenskab/Samfundsfag,Kvinde,03-04-82,Enhedslisten
Soc RUC 04,,Stine Maiken Brix ,,Socialvidenskab/Samfundsfag,Kvinde,03-04-82,Enhedslisten
Soc RUC 05,,Stine Maiken Brix ,,Socialvidenskab/Samfundsfag,Kvinde,03-04-82,Enhedslisten
Cand.jur. KU 92,,Søren Pind,,Jura,Mand,20-11-69,Venstre
Cand.jur. KU 93,,Søren Pind,,Jura,Mand,20-11-69,Venstre
Cand.jur. KU 94,,Søren Pind,,Jura,Mand,20-11-69,Venstre
Cand.jur. KU 95,,Søren Pind,,Jura,Mand,20-11-69,Venstre
Cand.jur. KU 96,,Søren Pind,,Jura,Mand,20-11-69,Venstre
Cand.jur. KU 97,,Søren Pind,,Jura,Mand,20-11-69,Venstre
Bankrådgiver uddannelsen – Sparekassen Holstebro,,Thomas Nolsøe Danielsen,,Erhvervsøkonomi,Mand,24-06-83,Venstre
"Lastvognsmekaniker. Iveco, Holstebro.",,Thomas Nolsøe Danielsen,,Erhvervsøkonomi,Mand,24-06-83,Venstre
Statskundskab Aarhus 92,,Tina Nedergaard,,Statskundskab,Kvinde,28-03-69,Venstre
Statskundskab Aarhus 93,,Tina Nedergaard,,Statskundskab,Kvinde,28-03-69,Venstre
Statskundskab Aarhus 94,,Tina Nedergaard,,Statskundskab,Kvinde,28-03-69,Venstre
Statskundskab Aarhus 95,,Tina Nedergaard,,Statskundskab,Kvinde,28-03-69,Venstre
Statskundskab Aarhus 96,,Tina Nedergaard,,Statskundskab,Kvinde,28-03-69,Venstre
Statskundskab Aarhus 97,,Tina Nedergaard,,Statskundskab,Kvinde,28-03-69,Venstre
Skive Seminarium ,,Torben Hansen ,,Læreruddannelsen,Mand,11-09-65,Socialdemokratiet
Økonomi København 00,,Torsten Schack Pedersen,,Økonomi,Mand,26-06-76,Venstre
Økonomi København 01,,Torsten Schack Pedersen,,Økonomi,Mand,26-06-76,Venstre
Økonomi København 02,,Torsten Schack Pedersen,,Økonomi,Mand,26-06-76,Venstre
Økonomi København 03,,Torsten Schack Pedersen,,Økonomi,Mand,26-06-76,Venstre
Økonomi København 04,,Torsten Schack Pedersen,,Økonomi,Mand,26-06-76,Venstre
Økonomi København 96,,Torsten Schack Pedersen,,Økonomi,Mand,26-06-76,Venstre
Økonomi København 97,,Torsten Schack Pedersen,,Økonomi,Mand,26-06-76,Venstre
Økonomi København 98,,Torsten Schack Pedersen,,Økonomi,Mand,26-06-76,Venstre
Økonomi København 99,,Torsten Schack Pedersen,,Økonomi,Mand,26-06-76,Venstre
Soc RUC 01,,Trine Bramsen ,,Socialvidenskab/Samfundsfag,Kvinde,26-03-81,Socialdemokratiet
Soc RUC 02,,Trine Bramsen ,,Socialvidenskab/Samfundsfag,Kvinde,26-03-81,Socialdemokratiet
Soc RUC 03,,Trine Bramsen ,,Socialvidenskab/Samfundsfag,Kvinde,26-03-81,Socialdemokratiet
Soc RUC 04,,Trine Bramsen ,,Socialvidenskab/Samfundsfag,Kvinde,26-03-81,Socialdemokratiet
Soc RUC 05,,Trine Bramsen ,,Socialvidenskab/Samfundsfag,Kvinde,26-03-81,Socialdemokratiet
Soc RUC 06,,Trine Bramsen ,,Socialvidenskab/Samfundsfag,Kvinde,26-03-81,Socialdemokratiet
Soc RUC 07,,Trine Bramsen ,,Socialvidenskab/Samfundsfag,Kvinde,26-03-81,Socialdemokratiet
Statskundskab Áarhus 90,,Trine Pertou Mach ,,Statskundskab,Kvinde,09-10-69,Socialistisk Folkeparti
Statskundskab Áarhus 91,,Trine Pertou Mach ,,Statskundskab,Kvinde,09-10-69,Socialistisk Folkeparti
Statskundskab Áarhus 92,,Trine Pertou Mach ,,Statskundskab,Kvinde,09-10-69,Socialistisk Folkeparti
Statskundskab Áarhus 93,,Trine Pertou Mach ,,Statskundskab,Kvinde,09-10-69,Socialistisk Folkeparti
Statskundskab Áarhus 94,,Trine Pertou Mach ,,Statskundskab,Kvinde,09-10-69,Socialistisk Folkeparti
Statskundskab Áarhus 95,,Trine Pertou Mach ,,Statskundskab,Kvinde,09-10-69,Socialistisk Folkeparti
Statskundskab Áarhus 96,,Trine Pertou Mach ,,Statskundskab,Kvinde,09-10-69,Socialistisk Folkeparti
Statskundskab Aarhus 97,,Trine Pertou Mach ,,Statskundskab,Kvinde,09-10-69,Socialistisk Folkeparti
Statskundskab Aarhus 98,,Trine Pertou Mach ,,Statskundskab,Kvinde,09-10-69,Socialistisk Folkeparti
Ribe Statsseminarium ,,Troels Ravn ,,Læreruddannelsen,Mand,02-08-61,Socialdemokratiet
Statskundskab Aarhus 80,,Villum Christensen,,Statskundskab,Mand,31-07-1954,Liberal Alliance
Statskundskab Aarhus 81,,Villum Christensen,,Statskundskab,Mand,31-07-1954,Liberal Alliance
Statskundskab Aarhus 01,,Yildiz Akdogan,,Statskundskab,Kvinde,29-04-73,Socialdemokratiet
Statskundskab Aarhus 02,,Yildiz Akdogan,,Statskundskab,Kvinde,29-04-73,Socialdemokratiet
Statskundskab Aarhus 03,,Yildiz Akdogan,,Statskundskab,Kvinde,29-04-73,Socialdemokratiet
Statskundskab Aarhus 04,,Yildiz Akdogan,,Statskundskab,Kvinde,29-04-73,Socialdemokratiet
Statskundskab Aarhus 05,,Yildiz Akdogan,,Statskundskab,Kvinde,29-04-73,Socialdemokratiet
Statskundskab Aarhus 06,,Yildiz Akdogan,,Statskundskab,Kvinde,29-04-73,Socialdemokratiet
K00,,Zenia Stampe Lyngbo ,,Statskundskab,Kvinde,,Radikale Venstre
K01,,Zenia Stampe Lyngbo ,,Statskundskab,Kvinde,,Radikale Venstre
K02,,Zenia Stampe Lyngbo ,,Statskundskab,Kvinde,,Radikale Venstre
K03,,Zenia Stampe Lyngbo ,,Statskundskab,Kvinde,,Radikale Venstre
K04,,Zenia Stampe Lyngbo ,,Statskundskab,Kvinde,,Radikale Venstre
K05,,Zenia Stampe Lyngbo ,,Statskundskab,Kvinde,,Radikale Venstre
K06,,Zenia Stampe Lyngbo ,,Statskundskab,Kvinde,,Radikale Venstre
K07,,Zenia Stampe Lyngbo ,,Statskundskab,Kvinde,,Radikale Venstre
K08,,Zenia Stampe Lyngbo ,,Statskundskab,Kvinde,,Radikale Venstre
K09,,Zenia Stampe Lyngbo ,,Statskundskab,Kvinde,,Radikale Venstre
